meta/task,meta/agent_name,meta/dataset_class,meta/git_commit,meta/dataset_dir,meta/train_dataset_path,meta/val_dataset_path,meta/train_dataset_sha256,meta/val_dataset_sha256,meta/hostname,meta/platform,meta/python_version,meta/jax_backend,meta/jax_devices,meta/jax_device_count,params/total_count,params/value_count,params/actor_count,params/critic_count,params/target_value_count,training/actor/action_saturation_frac,training/actor/actor_loss,training/actor/bc_loss,training/actor/q_loss,training/actor/q_mean,training/critic/categorical_accuracy,training/critic/contrastive_loss,training/critic/logits_pos,training/critic/q_mean,training/critic/score_margin,training/critic/v_mean,training/grad/actor_global_norm,training/grad/critic_global_norm,training/grad/global_norm,time/sps,time/step_time,time/update_count,time/samples_seen,time/eval_count,time/total_time,time/train_wall_clock,time/hours_elapsed,time/samples_per_second,compute/total_param_updates,compute/critic_param_updates,compute/value_param_updates,compute/total_param_samples,compute/critic_param_samples,compute/value_param_samples,params/critic_abs_mean,batch/value_goal_source_current_frac,batch/value_goal_source_traj_frac,batch/value_goal_source_random_frac,batch/value_goal_horizon_mean,batch/value_goal_horizon_std,batch/value_goal_maze_xy_distance_mean,batch/value_goal_maze_xy_distance_std,batch/value_goal_maze_path_available_frac,batch/value_goal_maze_path_len_mean,batch/value_goal_maze_path_len_std,batch/value_goal_maze_path_short_frac,batch/value_goal_maze_path_medium_frac,batch/value_goal_maze_path_long_frac,action/policy_behavior_mse,step
antmaze-medium-stitch-v0,crl,GCDataset,68dffffa30b4399ba8e2743c4de83bc78aacabbe,/home/e/e1300530/Recurrent-Offline-RL/.ogbench_data,/home/e/e1300530/Recurrent-Offline-RL/.ogbench_data/antmaze-medium-stitch-v0.npz,/home/e/e1300530/Recurrent-Offline-RL/.ogbench_data/antmaze-medium-stitch-v0-val.npz,b3fa34eef8d24dc812d734abaf74db279a5f39cd63debf23961d62c314d71e99,3015f74bb9d0f0fef0037d310c2be157b78af2c613f8cb0579f1de018e7c0af0,xgpi23,Linux-6.8.0-100-generic-x86_64-with-glibc2.39,3.10.19,gpu,cuda:0,1,3781128,0,559624,3221504,0,0.08569336,1.8134458,0.81756234,0.9958834,-8.462976,0.10839844,0.0049741515,-3.9730604,-3.9730604,10.624405,0.16152535,0.115616195,0.0019506318,0.11563265,2149671.858871082,0.009303735554218292,20000,20480000,1,186.07471179962158,186.07471179962158,0.05168741994433933,2149671.858871082,75622560000.0,64430080000.0,0.0,77437501440000.0,65976401920000.0,0.0,0.050611402839422226,0.0,1.0,0.0,54.5361328125,44.60101621650409,2.88098406791687,3.14697527885437,1.0,0.8330078125,1.164432338873309,0.95703125,0.04296875,0.0,0.2046634703874588,20000
antmaze-medium-stitch-v0,crl,GCDataset,68dffffa30b4399ba8e2743c4de83bc78aacabbe,/home/e/e1300530/Recurrent-Offline-RL/.ogbench_data,/home/e/e1300530/Recurrent-Offline-RL/.ogbench_data/antmaze-medium-stitch-v0.npz,/home/e/e1300530/Recurrent-Offline-RL/.ogbench_data/antmaze-medium-stitch-v0-val.npz,b3fa34eef8d24dc812d734abaf74db279a5f39cd63debf23961d62c314d71e99,3015f74bb9d0f0fef0037d310c2be157b78af2c613f8cb0579f1de018e7c0af0,xgpi23,Linux-6.8.0-100-generic-x86_64-with-glibc2.39,3.10.19,gpu,cuda:0,1,3781128,0,559624,3221504,0,0.07348633,1.8111665,0.81605256,0.995114,-8.900123,0.15234375,0.004710731,-3.80856,-3.80856,11.235455,0.3110063,0.15474181,0.0013811222,0.15474796,13459197.135522464,0.001485962736606598,40000,40960000,1,215.79396653175354,215.79396653175354,0.05994276848104265,13459197.135522464,151245120000.0,128860160000.0,0.0,154875002880000.0,131952803840000.0,0.0,0.06445355713367462,0.0,1.0,0.0,55.1953125,46.50723374408914,2.8388986587524414,3.1180410385131836,1.0,0.82421875,1.1660728760023695,0.9580078125,0.0419921875,0.0,0.20131152868270874,40000
antmaze-medium-stitch-v0,crl,GCDataset,68dffffa30b4399ba8e2743c4de83bc78aacabbe,/home/e/e1300530/Recurrent-Offline-RL/.ogbench_data,/home/e/e1300530/Recurrent-Offline-RL/.ogbench_data/antmaze-medium-stitch-v0.npz,/home/e/e1300530/Recurrent-Offline-RL/.ogbench_data/antmaze-medium-stitch-v0-val.npz,b3fa34eef8d24dc812d734abaf74db279a5f39cd63debf23961d62c314d71e99,3015f74bb9d0f0fef0037d310c2be157b78af2c613f8cb0579f1de018e7c0af0,xgpi23,Linux-6.8.0-100-generic-x86_64-with-glibc2.39,3.10.19,gpu,cuda:0,1,3781128,0,559624,3221504,0,0.07824707,1.8070011,0.8110474,0.9959537,-9.331684,0.1796875,0.0046105357,-3.6681542,-3.6681542,11.412859,0.5230606,0.13562335,0.0014904225,0.13563155,13797230.332099298,0.001449556291103363,60000,61440000,1,244.7850923538208,244.7850923538208,0.06799585898717245,13797230.332099298,226867680000.0,193290240000.0,0.0,232312504320000.0,197929205760000.0,0.0,0.07603008300065994,0.0,1.0,0.0,60.2470703125,48.38572324635833,3.0785675048828125,3.324477434158325,1.0,0.9091796875,1.210530661874123,0.9482421875,0.0517578125,0.0,0.18871143460273743,60000
antmaze-medium-stitch-v0,crl,GCDataset,68dffffa30b4399ba8e2743c4de83bc78aacabbe,/home/e/e1300530/Recurrent-Offline-RL/.ogbench_data,/home/e/e1300530/Recurrent-Offline-RL/.ogbench_data/antmaze-medium-stitch-v0.npz,/home/e/e1300530/Recurrent-Offline-RL/.ogbench_data/antmaze-medium-stitch-v0-val.npz,b3fa34eef8d24dc812d734abaf74db279a5f39cd63debf23961d62c314d71e99,3015f74bb9d0f0fef0037d310c2be157b78af2c613f8cb0579f1de018e7c0af0,xgpi23,Linux-6.8.0-100-generic-x86_64-with-glibc2.39,3.10.19,gpu,cuda:0,1,3781128,0,559624,3221504,0,0.07348633,1.8086295,0.8129585,0.9956711,-9.126045,0.22070312,0.0044486844,-3.425324,-3.425324,11.857052,0.5761613,0.15056738,0.0015162905,0.15057501,13774423.399300342,0.0014519564032554626,80000,81920000,1,273.82422041893005,273.82422041893005,0.0760622834497028,13774423.399300342,302490240000.0,257720320000.0,0.0,309750005760000.0,263905607680000.0,0.0,0.08585046231746674,0.0,1.0,0.0,57.4638671875,46.809627989814885,2.8731751441955566,3.1026666164398193,1.0,0.8251953125,1.163285168704573,0.9541015625,0.0458984375,0.0,0.19334454834461212,80000
antmaze-medium-stitch-v0,crl,GCDataset,68dffffa30b4399ba8e2743c4de83bc78aacabbe,/home/e/e1300530/Recurrent-Offline-RL/.ogbench_data,/home/e/e1300530/Recurrent-Offline-RL/.ogbench_data/antmaze-medium-stitch-v0.npz,/home/e/e1300530/Recurrent-Offline-RL/.ogbench_data/antmaze-medium-stitch-v0-val.npz,b3fa34eef8d24dc812d734abaf74db279a5f39cd63debf23961d62c314d71e99,3015f74bb9d0f0fef0037d310c2be157b78af2c613f8cb0579f1de018e7c0af0,xgpi23,Linux-6.8.0-100-generic-x86_64-with-glibc2.39,3.10.19,gpu,cuda:0,1,3781128,0,559624,3221504,0,0.07910156,1.80897,0.81312525,0.9958447,-9.58885,0.23046875,0.0044013634,-3.4159763,-3.4159763,12.522103,0.63392675,0.1566436,0.0016803489,0.15665263,13231129.492145233,0.001511576747894287,100000,102400000,1,304.0557553768158,304.0557553768158,0.0844599320491155,13231129.492145233,378112800000.0,322150400000.0,0.0,387187507200000.0,329882009600000.0,0.0,0.09425614029169083,0.0,1.0,0.0,57.0439453125,45.952070632040176,2.921609401702881,3.2925221920013428,1.0,0.849609375,1.2377682173622448,0.94140625,0.05859375,0.0,0.19401533901691437,100000
antmaze-medium-stitch-v0,crl,GCDataset,68dffffa30b4399ba8e2743c4de83bc78aacabbe,/home/e/e1300530/Recurrent-Offline-RL/.ogbench_data,/home/e/e1300530/Recurrent-Offline-RL/.ogbench_data/antmaze-medium-stitch-v0.npz,/home/e/e1300530/Recurrent-Offline-RL/.ogbench_data/antmaze-medium-stitch-v0-val.npz,b3fa34eef8d24dc812d734abaf74db279a5f39cd63debf23961d62c314d71e99,3015f74bb9d0f0fef0037d310c2be157b78af2c613f8cb0579f1de018e7c0af0,xgpi23,Linux-6.8.0-100-generic-x86_64-with-glibc2.39,3.10.19,gpu,cuda:0,1,3781128,0,559624,3221504,0,0.07299805,1.8081849,0.81101656,0.99716836,-9.664235,0.2705078,0.0043253647,-3.3145704,-3.3145704,12.778073,0.507655,0.16190265,0.0017850336,0.16191249,2472582.58206266,0.008088698601722717,120000,122880000,2,465.82972741127014,465.82972741127014,0.12939714650313058,2472582.58206266,453735360000.0,386580480000.0,0.0,464625008640000.0,395858411520000.0,0.0,0.1015210971236229,0.0,1.0,0.0,58.095703125,47.67120278833821,2.930366039276123,3.1643035411834717,1.0,0.853515625,1.1734478377332582,0.9580078125,0.0419921875,0.0,0.18903908133506775,120000
antmaze-medium-stitch-v0,crl,GCDataset,68dffffa30b4399ba8e2743c4de83bc78aacabbe,/home/e/e1300530/Recurrent-Offline-RL/.ogbench_data,/home/e/e1300530/Recurrent-Offline-RL/.ogbench_data/antmaze-medium-stitch-v0.npz,/home/e/e1300530/Recurrent-Offline-RL/.ogbench_data/antmaze-medium-stitch-v0-val.npz,b3fa34eef8d24dc812d734abaf74db279a5f39cd63debf23961d62c314d71e99,3015f74bb9d0f0fef0037d310c2be157b78af2c613f8cb0579f1de018e7c0af0,xgpi23,Linux-6.8.0-100-generic-x86_64-with-glibc2.39,3.10.19,gpu,cuda:0,1,3781128,0,559624,3221504,0,0.07470703,1.8055391,0.81122625,0.99431294,-9.706466,0.30566406,0.00414407,-3.0907938,-3.0907938,13.16828,0.5723603,0.14983234,0.0018219152,0.14984342,13784094.465000609,0.0014509376883506775,140000,143360000,2,494.8484811782837,494.8484811782837,0.13745791143841213,13784094.465000609,529357920000.0,451010560000.0,0.0,542062510080000.0,461834813440000.0,0.0,0.10789936035871506,0.0,1.0,0.0,57.849609375,46.32163835115196,2.9756417274475098,3.1534788608551025,1.0,0.8662109375,1.1820065775008914,0.9521484375,0.0478515625,0.0,0.18949586153030396,140000
antmaze-medium-stitch-v0,crl,GCDataset,68dffffa30b4399ba8e2743c4de83bc78aacabbe,/home/e/e1300530/Recurrent-Offline-RL/.ogbench_data,/home/e/e1300530/Recurrent-Offline-RL/.ogbench_data/antmaze-medium-stitch-v0.npz,/home/e/e1300530/Recurrent-Offline-RL/.ogbench_data/antmaze-medium-stitch-v0-val.npz,b3fa34eef8d24dc812d734abaf74db279a5f39cd63debf23961d62c314d71e99,3015f74bb9d0f0fef0037d310c2be157b78af2c613f8cb0579f1de018e7c0af0,xgpi23,Linux-6.8.0-100-generic-x86_64-with-glibc2.39,3.10.19,gpu,cuda:0,1,3781128,0,559624,3221504,0,0.07702637,1.7997065,0.8092225,0.990484,-9.753357,0.31152344,0.00413096,-3.1281638,-3.1281638,13.409897,1.0275197,0.17073989,0.0021399767,0.1707533,13766034.01421386,0.0014528412699699401,160000,163840000,2,523.9053065776825,523.9053065776825,0.14552925182713403,13766034.01421386,604980480000.0,515440640000.0,0.0,619500011520000.0,527811215360000.0,0.0,0.11357104033231735,0.0,1.0,0.0,56.5126953125,45.96958737936464,2.847964286804199,3.24104642868042,1.0,0.8388671875,1.2023792680497447,0.9443359375,0.0556640625,0.0,0.18391138315200806,160000
antmaze-medium-stitch-v0,crl,GCDataset,68dffffa30b4399ba8e2743c4de83bc78aacabbe,/home/e/e1300530/Recurrent-Offline-RL/.ogbench_data,/home/e/e1300530/Recurrent-Offline-RL/.ogbench_data/antmaze-medium-stitch-v0.npz,/home/e/e1300530/Recurrent-Offline-RL/.ogbench_data/antmaze-medium-stitch-v0-val.npz,b3fa34eef8d24dc812d734abaf74db279a5f39cd63debf23961d62c314d71e99,3015f74bb9d0f0fef0037d310c2be157b78af2c613f8cb0579f1de018e7c0af0,xgpi23,Linux-6.8.0-100-generic-x86_64-with-glibc2.39,3.10.19,gpu,cuda:0,1,3781128,0,559624,3221504,0,0.076660156,1.8104372,0.81347317,0.99696404,-9.640816,0.3388672,0.004038101,-3.0146394,-3.0146394,13.928459,1.4619703,0.15691589,0.002071285,0.15692955,13768762.030875292,0.001452553415298462,180000,184320000,2,552.9563748836517,552.9563748836517,0.1535989930232366,13768762.030875292,680603040000.0,579870720000.0,0.0,696937512960000.0,593787617280000.0,0.0,0.11865478754043579,0.0,1.0,0.0,55.73828125,46.086957755648164,2.781879425048828,3.0503902435302734,1.0,0.79296875,1.1371348035846223,0.9599609375,0.0400390625,0.0,0.19480063021183014,180000
antmaze-medium-stitch-v0,crl,GCDataset,68dffffa30b4399ba8e2743c4de83bc78aacabbe,/home/e/e1300530/Recurrent-Offline-RL/.ogbench_data,/home/e/e1300530/Recurrent-Offline-RL/.ogbench_data/antmaze-medium-stitch-v0.npz,/home/e/e1300530/Recurrent-Offline-RL/.ogbench_data/antmaze-medium-stitch-v0-val.npz,b3fa34eef8d24dc812d734abaf74db279a5f39cd63debf23961d62c314d71e99,3015f74bb9d0f0fef0037d310c2be157b78af2c613f8cb0579f1de018e7c0af0,xgpi23,Linux-6.8.0-100-generic-x86_64-with-glibc2.39,3.10.19,gpu,cuda:0,1,3781128,0,559624,3221504,0,0.07531738,1.8065555,0.81616676,0.9903887,-9.8489895,0.34375,0.00397104,-2.924953,-2.924953,14.1914215,1.0305583,0.18535328,0.0022078769,0.1853664,13732343.046189992,0.0014564056992530823,200000,204800000,2,582.0844888687134,582.0844888687134,0.16169013579686484,13732343.046189992,756225600000.0,644300800000.0,0.0,774375014400000.0,659764019200000.0,0.0,0.12320492416620255,0.0,1.0,0.0,54.3232421875,44.62580976633052,2.890183925628662,3.266268491744995,1.0,0.84765625,1.2055512771491461,0.9560546875,0.0439453125,0.0,0.20219311118125916,200000
antmaze-medium-stitch-v0,crl,GCDataset,68dffffa30b4399ba8e2743c4de83bc78aacabbe,/home/e/e1300530/Recurrent-Offline-RL/.ogbench_data,/home/e/e1300530/Recurrent-Offline-RL/.ogbench_data/antmaze-medium-stitch-v0.npz,/home/e/e1300530/Recurrent-Offline-RL/.ogbench_data/antmaze-medium-stitch-v0-val.npz,b3fa34eef8d24dc812d734abaf74db279a5f39cd63debf23961d62c314d71e99,3015f74bb9d0f0fef0037d310c2be157b78af2c613f8cb0579f1de018e7c0af0,xgpi23,Linux-6.8.0-100-generic-x86_64-with-glibc2.39,3.10.19,gpu,cuda:0,1,3781128,0,559624,3221504,0,0.07739258,1.8045521,0.80867547,0.9958766,-9.710711,0.3544922,0.0039082444,-2.832654,-2.832654,14.624711,0.7597715,0.15514132,0.0022679595,0.15515791,2790958.103516302,0.007165987932682037,220000,225280000,3,725.4042475223541,725.4042475223541,0.20150117986732058,2790958.103516302,831848160000.0,708730880000.0,0.0,851812515840000.0,725740421120000.0,0.0,0.12728463113307953,0.0,1.0,0.0,55.904296875,46.03188243257998,2.7644193172454834,3.129869222640991,1.0,0.7841796875,1.1555334396772783,0.9580078125,0.0419921875,0.0,0.18276824057102203,220000
antmaze-medium-stitch-v0,crl,GCDataset,68dffffa30b4399ba8e2743c4de83bc78aacabbe,/home/e/e1300530/Recurrent-Offline-RL/.ogbench_data,/home/e/e1300530/Recurrent-Offline-RL/.ogbench_data/antmaze-medium-stitch-v0.npz,/home/e/e1300530/Recurrent-Offline-RL/.ogbench_data/antmaze-medium-stitch-v0-val.npz,b3fa34eef8d24dc812d734abaf74db279a5f39cd63debf23961d62c314d71e99,3015f74bb9d0f0fef0037d310c2be157b78af2c613f8cb0579f1de018e7c0af0,xgpi23,Linux-6.8.0-100-generic-x86_64-with-glibc2.39,3.10.19,gpu,cuda:0,1,3781128,0,559624,3221504,0,0.072753906,1.8055243,0.80848426,0.99704003,-9.85462,0.37890625,0.0039101,-2.8968933,-2.8968933,14.657535,1.0003138,0.19918805,0.0024185947,0.19920275,13773132.250522178,0.0014520925164222718,240000,245760000,3,754.4460978507996,754.4460978507996,0.20956836051411099,13773132.250522178,907470720000.0,773160960000.0,0.0,929250017280000.0,791716823040000.0,0.0,0.13096095621585846,0.0,1.0,0.0,55.5888671875,44.80042455293238,2.8075850009918213,3.166851043701172,1.0,0.8046875,1.1788076188860293,0.953125,0.046875,0.0,0.18267366290092468,240000
antmaze-medium-stitch-v0,crl,GCDataset,68dffffa30b4399ba8e2743c4de83bc78aacabbe,/home/e/e1300530/Recurrent-Offline-RL/.ogbench_data,/home/e/e1300530/Recurrent-Offline-RL/.ogbench_data/antmaze-medium-stitch-v0.npz,/home/e/e1300530/Recurrent-Offline-RL/.ogbench_data/antmaze-medium-stitch-v0-val.npz,b3fa34eef8d24dc812d734abaf74db279a5f39cd63debf23961d62c314d71e99,3015f74bb9d0f0fef0037d310c2be157b78af2c613f8cb0579f1de018e7c0af0,xgpi23,Linux-6.8.0-100-generic-x86_64-with-glibc2.39,3.10.19,gpu,cuda:0,1,3781128,0,559624,3221504,0,0.076538086,1.8087204,0.8117195,0.9970009,-10.236685,0.375,0.003890701,-2.8323762,-2.8323762,14.741243,0.9329132,0.18028383,0.0025441772,0.18030177,13770663.933107367,0.001452352797985077,260000,266240000,3,783.4931538105011,783.4931538105011,0.21763698716958363,13770663.933107367,983093280000.0,837591040000.0,0.0,1006687518720000.0,857693224960000.0,0.0,0.1342717558145523,0.0,1.0,0.0,55.544921875,46.156323349570926,2.8307430744171143,3.048319101333618,1.0,0.818359375,1.1423210180809986,0.9609375,0.0390625,0.0,0.1905885934829712,260000
antmaze-medium-stitch-v0,crl,GCDataset,68dffffa30b4399ba8e2743c4de83bc78aacabbe,/home/e/e1300530/Recurrent-Offline-RL/.ogbench_data,/home/e/e1300530/Recurrent-Offline-RL/.ogbench_data/antmaze-medium-stitch-v0.npz,/home/e/e1300530/Recurrent-Offline-RL/.ogbench_data/antmaze-medium-stitch-v0-val.npz,b3fa34eef8d24dc812d734abaf74db279a5f39cd63debf23961d62c314d71e99,3015f74bb9d0f0fef0037d310c2be157b78af2c613f8cb0579f1de018e7c0af0,xgpi23,Linux-6.8.0-100-generic-x86_64-with-glibc2.39,3.10.19,gpu,cuda:0,1,3781128,0,559624,3221504,0,0.072753906,1.8100734,0.8139966,0.9960767,-9.9512825,0.40234375,0.0038010883,-2.7327473,-2.7327473,15.30144,1.0488424,0.1781311,0.002580791,0.1781498,13745378.72719888,0.001455024480819702,280000,286720000,3,812.5936434268951,812.5936434268951,0.22572045650747088,13745378.72719888,1058715840000.0,902021120000.0,0.0,1084125020160000.0,923669626880000.0,0.0,0.13727276027202606,0.0,1.0,0.0,55.392578125,45.44876261286738,2.7895355224609375,3.199096202850342,1.0,0.8037109375,1.1938751155137086,0.947265625,0.052734375,0.0,0.19639550149440765,280000
antmaze-medium-stitch-v0,crl,GCDataset,68dffffa30b4399ba8e2743c4de83bc78aacabbe,/home/e/e1300530/Recurrent-Offline-RL/.ogbench_data,/home/e/e1300530/Recurrent-Offline-RL/.ogbench_data/antmaze-medium-stitch-v0.npz,/home/e/e1300530/Recurrent-Offline-RL/.ogbench_data/antmaze-medium-stitch-v0-val.npz,b3fa34eef8d24dc812d734abaf74db279a5f39cd63debf23961d62c314d71e99,3015f74bb9d0f0fef0037d310c2be157b78af2c613f8cb0579f1de018e7c0af0,xgpi23,Linux-6.8.0-100-generic-x86_64-with-glibc2.39,3.10.19,gpu,cuda:0,1,3781128,0,559624,3221504,0,0.06970215,1.8053517,0.80989206,0.9954596,-10.025946,0.37304688,0.0038308182,-2.723959,-2.723959,15.523281,0.9923482,0.19470823,0.0024179262,0.19472323,13753141.107176948,0.0014542032480239868,300000,307200000,3,841.6777083873749,841.6777083873749,0.23379936344093746,13753141.107176948,1134338400000.0,966451200000.0,0.0,1161562521600000.0,989646028800000.0,0.0,0.1399933099746704,0.0,1.0,0.0,54.45703125,44.784620308611785,2.805351734161377,3.067539930343628,1.0,0.80078125,1.1513237010712658,0.9580078125,0.0419921875,0.0,0.186465322971344,300000
antmaze-medium-stitch-v0,crl,GCDataset,68dffffa30b4399ba8e2743c4de83bc78aacabbe,/home/e/e1300530/Recurrent-Offline-RL/.ogbench_data,/home/e/e1300530/Recurrent-Offline-RL/.ogbench_data/antmaze-medium-stitch-v0.npz,/home/e/e1300530/Recurrent-Offline-RL/.ogbench_data/antmaze-medium-stitch-v0-val.npz,b3fa34eef8d24dc812d734abaf74db279a5f39cd63debf23961d62c314d71e99,3015f74bb9d0f0fef0037d310c2be157b78af2c613f8cb0579f1de018e7c0af0,xgpi23,Linux-6.8.0-100-generic-x86_64-with-glibc2.39,3.10.19,gpu,cuda:0,1,3781128,0,559624,3221504,0,0.076049805,1.8064904,0.8110615,0.99542886,-9.782213,0.41015625,0.003653809,-2.5226407,-2.5226407,16.22614,1.9044366,0.19185583,0.0024912066,0.19187202,3058947.596104928,0.0065381863474845885,320000,327680000,4,972.4414353370667,972.4414353370667,0.27012262092696293,3058947.596104928,1209960960000.0,1030881280000.0,0.0,1239000023040000.0,1055622430720000.0,0.0,0.14245165884494781,0.0,1.0,0.0,54.8623046875,45.95041894192495,2.667086601257324,3.0988595485687256,1.0,0.748046875,1.1280324121241971,0.955078125,0.044921875,0.0,0.18957698345184326,320000
antmaze-medium-stitch-v0,crl,GCDataset,68dffffa30b4399ba8e2743c4de83bc78aacabbe,/home/e/e1300530/Recurrent-Offline-RL/.ogbench_data,/home/e/e1300530/Recurrent-Offline-RL/.ogbench_data/antmaze-medium-stitch-v0.npz,/home/e/e1300530/Recurrent-Offline-RL/.ogbench_data/antmaze-medium-stitch-v0-val.npz,b3fa34eef8d24dc812d734abaf74db279a5f39cd63debf23961d62c314d71e99,3015f74bb9d0f0fef0037d310c2be157b78af2c613f8cb0579f1de018e7c0af0,xgpi23,Linux-6.8.0-100-generic-x86_64-with-glibc2.39,3.10.19,gpu,cuda:0,1,3781128,0,559624,3221504,0,0.06958008,1.812914,0.8170059,0.99590814,-10.087653,0.38964844,0.0037268489,-2.6209254,-2.6209254,16.020008,1.0791299,0.17696068,0.0030751964,0.17698738,13791555.419573627,0.0014501527547836305,340000,348160000,4,1001.4444904327393,1001.4444904327393,0.27817902512020537,13791555.419573627,1285583520000.0,1095311360000.0,0.0,1316437524480000.0,1121598832640000.0,0.0,0.14468641579151154,0.0,1.0,0.0,56.4423828125,46.60024267919326,2.900662422180176,3.2421374320983887,1.0,0.82421875,1.1727535769071171,0.9580078125,0.0419921875,0.0,0.2040489912033081,340000
antmaze-medium-stitch-v0,crl,GCDataset,68dffffa30b4399ba8e2743c4de83bc78aacabbe,/home/e/e1300530/Recurrent-Offline-RL/.ogbench_data,/home/e/e1300530/Recurrent-Offline-RL/.ogbench_data/antmaze-medium-stitch-v0.npz,/home/e/e1300530/Recurrent-Offline-RL/.ogbench_data/antmaze-medium-stitch-v0-val.npz,b3fa34eef8d24dc812d734abaf74db279a5f39cd63debf23961d62c314d71e99,3015f74bb9d0f0fef0037d310c2be157b78af2c613f8cb0579f1de018e7c0af0,xgpi23,Linux-6.8.0-100-generic-x86_64-with-glibc2.39,3.10.19,gpu,cuda:0,1,3781128,0,559624,3221504,0,0.079589844,1.8061779,0.8123831,0.99379474,-10.006428,0.41601562,0.003725763,-2.5736535,-2.5736535,16.279652,1.7272016,0.18849795,0.0026275797,0.18851623,13771150.540122196,0.0014523014783859253,360000,368640000,4,1030.4905200004578,1030.4905200004578,0.28624736666679385,13771150.540122196,1361206080000.0,1159741440000.0,0.0,1393875025920000.0,1187575234560000.0,0.0,0.14672400057315826,0.0,1.0,0.0,55.5244140625,47.42040400980945,2.879237651824951,3.168907642364502,1.0,0.8408203125,1.1738748398306365,0.9560546875,0.0439453125,0.0,0.19255021214485168,360000
antmaze-medium-stitch-v0,crl,GCDataset,68dffffa30b4399ba8e2743c4de83bc78aacabbe,/home/e/e1300530/Recurrent-Offline-RL/.ogbench_data,/home/e/e1300530/Recurrent-Offline-RL/.ogbench_data/antmaze-medium-stitch-v0.npz,/home/e/e1300530/Recurrent-Offline-RL/.ogbench_data/antmaze-medium-stitch-v0-val.npz,b3fa34eef8d24dc812d734abaf74db279a5f39cd63debf23961d62c314d71e99,3015f74bb9d0f0fef0037d310c2be157b78af2c613f8cb0579f1de018e7c0af0,xgpi23,Linux-6.8.0-100-generic-x86_64-with-glibc2.39,3.10.19,gpu,cuda:0,1,3781128,0,559624,3221504,0,0.076293945,1.8119439,0.81505126,0.99689263,-10.556189,0.3779297,0.0038159816,-2.6907117,-2.6907117,16.475224,1.1173947,0.18566924,0.0027890124,0.18569021,13768806.21314709,0.0014525487542152405,380000,389120000,4,1059.5414950847626,1059.5414950847626,0.2943170819679896,13768806.21314709,1436828640000.0,1224171520000.0,0.0,1471312527360000.0,1253551636480000.0,0.0,0.1485777050256729,0.0,1.0,0.0,59.08203125,47.86360738075457,2.997363567352295,3.2163095474243164,1.0,0.8935546875,1.228485737787288,0.9443359375,0.0556640625,0.0,0.1991986632347107,380000
antmaze-medium-stitch-v0,crl,GCDataset,68dffffa30b4399ba8e2743c4de83bc78aacabbe,/home/e/e1300530/Recurrent-Offline-RL/.ogbench_data,/home/e/e1300530/Recurrent-Offline-RL/.ogbench_data/antmaze-medium-stitch-v0.npz,/home/e/e1300530/Recurrent-Offline-RL/.ogbench_data/antmaze-medium-stitch-v0-val.npz,b3fa34eef8d24dc812d734abaf74db279a5f39cd63debf23961d62c314d71e99,3015f74bb9d0f0fef0037d310c2be157b78af2c613f8cb0579f1de018e7c0af0,xgpi23,Linux-6.8.0-100-generic-x86_64-with-glibc2.39,3.10.19,gpu,cuda:0,1,3781128,0,559624,3221504,0,0.072265625,1.8036053,0.8099974,0.99360794,-10.137385,0.4111328,0.003672118,-2.6079822,-2.6079822,16.79506,0.8480624,0.20831583,0.0027907295,0.20833452,13749730.845448093,0.0014545639276504518,400000,409600000,4,1088.6327736377716,1088.6327736377716,0.3023979926771588,13749730.845448093,1512451200000.0,1288601600000.0,0.0,1548750028800000.0,1319528038400000.0,0.0,0.15026986598968506,0.0,1.0,0.0,58.9248046875,45.97004809903377,2.8664066791534424,3.1965718269348145,1.0,0.8212890625,1.1752226760567,0.9599609375,0.0400390625,0.0,0.18649400770664215,400000
antmaze-medium-stitch-v0,crl,GCDataset,68dffffa30b4399ba8e2743c4de83bc78aacabbe,/home/e/e1300530/Recurrent-Offline-RL/.ogbench_data,/home/e/e1300530/Recurrent-Offline-RL/.ogbench_data/antmaze-medium-stitch-v0.npz,/home/e/e1300530/Recurrent-Offline-RL/.ogbench_data/antmaze-medium-stitch-v0-val.npz,b3fa34eef8d24dc812d734abaf74db279a5f39cd63debf23961d62c314d71e99,3015f74bb9d0f0fef0037d310c2be157b78af2c613f8cb0579f1de018e7c0af0,xgpi23,Linux-6.8.0-100-generic-x86_64-with-glibc2.39,3.10.19,gpu,cuda:0,1,3781128,0,559624,3221504,0,0.07861328,1.8100545,0.81341326,0.9966413,-10.33471,0.4013672,0.0037044908,-2.5383735,-2.5383735,16.84469,1.1432155,0.18358003,0.0028676263,0.18360242,3124013.471303442,0.006402011048793793,420000,430080000,5,1216.6729946136475,1216.6729946136475,0.3379647207260132,3124013.471303442,1588073760000.0,1353031680000.0,0.0,1626187530240000.0,1385504440320000.0,0.0,0.1518285870552063,0.0,1.0,0.0,56.05078125,46.68527604491215,2.801257848739624,3.136425018310547,1.0,0.8212890625,1.1826776667029233,0.953125,0.046875,0.0,0.19556716084480286,420000
antmaze-medium-stitch-v0,crl,GCDataset,68dffffa30b4399ba8e2743c4de83bc78aacabbe,/home/e/e1300530/Recurrent-Offline-RL/.ogbench_data,/home/e/e1300530/Recurrent-Offline-RL/.ogbench_data/antmaze-medium-stitch-v0.npz,/home/e/e1300530/Recurrent-Offline-RL/.ogbench_data/antmaze-medium-stitch-v0-val.npz,b3fa34eef8d24dc812d734abaf74db279a5f39cd63debf23961d62c314d71e99,3015f74bb9d0f0fef0037d310c2be157b78af2c613f8cb0579f1de018e7c0af0,xgpi23,Linux-6.8.0-100-generic-x86_64-with-glibc2.39,3.10.19,gpu,cuda:0,1,3781128,0,559624,3221504,0,0.07751465,1.8079116,0.81359816,0.9943135,-10.390813,0.41308594,0.0036146874,-2.4882202,-2.4882202,17.226381,1.3615721,0.1945824,0.0028891978,0.19460383,13780023.665805252,0.0014513663172721863,440000,450560000,5,1245.7003209590912,1245.7003209590912,0.3460278669330809,13780023.665805252,1663696320000.0,1417461760000.0,0.0,1703625031680000.0,1451480842240000.0,0.0,0.15325145423412323,0.0,1.0,0.0,58.1640625,47.86111129216594,2.8979272842407227,3.2922556400299072,1.0,0.8466796875,1.2243176954021788,0.943359375,0.056640625,0.0,0.1957065761089325,440000
antmaze-medium-stitch-v0,crl,GCDataset,68dffffa30b4399ba8e2743c4de83bc78aacabbe,/home/e/e1300530/Recurrent-Offline-RL/.ogbench_data,/home/e/e1300530/Recurrent-Offline-RL/.ogbench_data/antmaze-medium-stitch-v0.npz,/home/e/e1300530/Recurrent-Offline-RL/.ogbench_data/antmaze-medium-stitch-v0-val.npz,b3fa34eef8d24dc812d734abaf74db279a5f39cd63debf23961d62c314d71e99,3015f74bb9d0f0fef0037d310c2be157b78af2c613f8cb0579f1de018e7c0af0,xgpi23,Linux-6.8.0-100-generic-x86_64-with-glibc2.39,3.10.19,gpu,cuda:0,1,3781128,0,559624,3221504,0,0.07446289,1.803318,0.8087259,0.99459213,-10.402317,0.38378906,0.003775497,-2.66417,-2.66417,16.92364,1.1007615,0.18604171,0.0030575125,0.1860668,13794773.219917145,0.001449814486503601,460000,471040000,5,1274.6966106891632,1274.6966106891632,0.35408239185810086,13794773.219917145,1739318880000.0,1481891840000.0,0.0,1781062533120000.0,1517457244160000.0,0.0,0.15455839037895203,0.0,1.0,0.0,57.6923828125,48.223783565305766,2.9640040397644043,3.218656301498413,1.0,0.8544921875,1.196234054857771,0.947265625,0.052734375,0.0,0.18358570337295532,460000
antmaze-medium-stitch-v0,crl,GCDataset,68dffffa30b4399ba8e2743c4de83bc78aacabbe,/home/e/e1300530/Recurrent-Offline-RL/.ogbench_data,/home/e/e1300530/Recurrent-Offline-RL/.ogbench_data/antmaze-medium-stitch-v0.npz,/home/e/e1300530/Recurrent-Offline-RL/.ogbench_data/antmaze-medium-stitch-v0-val.npz,b3fa34eef8d24dc812d734abaf74db279a5f39cd63debf23961d62c314d71e99,3015f74bb9d0f0fef0037d310c2be157b78af2c613f8cb0579f1de018e7c0af0,xgpi23,Linux-6.8.0-100-generic-x86_64-with-glibc2.39,3.10.19,gpu,cuda:0,1,3781128,0,559624,3221504,0,0.076171875,1.8094208,0.8127514,0.9966694,-10.139103,0.4375,0.0035482096,-2.4041271,-2.4041271,17.799742,1.5534823,0.19938327,0.0029702284,0.1994054,13757807.708859434,0.0014537099838256835,480000,491520000,5,1303.7708103656769,1303.7708103656769,0.36215855843491024,13757807.708859434,1814941440000.0,1546321920000.0,0.0,1858500034560000.0,1583433646080000.0,0.0,0.15575067698955536,0.0,1.0,0.0,54.40234375,46.276683965922146,2.790616512298584,3.164997100830078,1.0,0.810546875,1.1847196454975053,0.947265625,0.052734375,0.0,0.19369281828403473,480000
antmaze-medium-stitch-v0,crl,GCDataset,68dffffa30b4399ba8e2743c4de83bc78aacabbe,/home/e/e1300530/Recurrent-Offline-RL/.ogbench_data,/home/e/e1300530/Recurrent-Offline-RL/.ogbench_data/antmaze-medium-stitch-v0.npz,/home/e/e1300530/Recurrent-Offline-RL/.ogbench_data/antmaze-medium-stitch-v0-val.npz,b3fa34eef8d24dc812d734abaf74db279a5f39cd63debf23961d62c314d71e99,3015f74bb9d0f0fef0037d310c2be157b78af2c613f8cb0579f1de018e7c0af0,xgpi23,Linux-6.8.0-100-generic-x86_64-with-glibc2.39,3.10.19,gpu,cuda:0,1,3781128,0,559624,3221504,0,0.07446289,1.8081026,0.81218493,0.99591774,-10.599403,0.421875,0.003611993,-2.4094224,-2.4094224,17.827879,1.5986489,0.18122153,0.0030719694,0.18124756,13731608.096712556,0.0014564836502075195,500000,512000000,5,1332.9004833698273,1332.9004833698273,0.37025013426939646,13731608.096712556,1890564000000.0,1610752000000.0,0.0,1935937536000000.0,1649410048000000.0,0.0,0.1568390130996704,0.0,1.0,0.0,55.9501953125,46.71830539045271,2.854099750518799,3.1688430309295654,1.0,0.8291015625,1.187949246205434,0.951171875,0.048828125,0.0,0.19208510220050812,500000
antmaze-medium-stitch-v0,crl,GCDataset,68dffffa30b4399ba8e2743c4de83bc78aacabbe,/home/e/e1300530/Recurrent-Offline-RL/.ogbench_data,/home/e/e1300530/Recurrent-Offline-RL/.ogbench_data/antmaze-medium-stitch-v0.npz,/home/e/e1300530/Recurrent-Offline-RL/.ogbench_data/antmaze-medium-stitch-v0-val.npz,b3fa34eef8d24dc812d734abaf74db279a5f39cd63debf23961d62c314d71e99,3015f74bb9d0f0fef0037d310c2be157b78af2c613f8cb0579f1de018e7c0af0,xgpi23,Linux-6.8.0-100-generic-x86_64-with-glibc2.39,3.10.19,gpu,cuda:0,1,3781128,0,559624,3221504,0,0.075927734,1.8077729,0.8140284,0.99374455,-10.382604,0.41210938,0.0036382207,-2.503007,-2.503007,17.756237,1.763135,0.19039264,0.003030196,0.19041674,3497358.554757276,0.0057185915350914,520000,532480000,6,1447.2723140716553,1447.2723140716553,0.40202008724212646,3497358.554757276,1966186560000.0,1675182080000.0,0.0,2013375037440000.0,1715386449920000.0,0.0,0.1578388661146164,0.0,1.0,0.0,57.4267578125,47.06219400253212,2.9328455924987793,3.27939510345459,1.0,0.8515625,1.209273049643359,0.9423828125,0.0576171875,0.0,0.1969577521085739,520000
antmaze-medium-stitch-v0,crl,GCDataset,68dffffa30b4399ba8e2743c4de83bc78aacabbe,/home/e/e1300530/Recurrent-Offline-RL/.ogbench_data,/home/e/e1300530/Recurrent-Offline-RL/.ogbench_data/antmaze-medium-stitch-v0.npz,/home/e/e1300530/Recurrent-Offline-RL/.ogbench_data/antmaze-medium-stitch-v0-val.npz,b3fa34eef8d24dc812d734abaf74db279a5f39cd63debf23961d62c314d71e99,3015f74bb9d0f0fef0037d310c2be157b78af2c613f8cb0579f1de018e7c0af0,xgpi23,Linux-6.8.0-100-generic-x86_64-with-glibc2.39,3.10.19,gpu,cuda:0,1,3781128,0,559624,3221504,0,0.07287598,1.8127232,0.81803644,0.9946867,-10.446423,0.40429688,0.003706982,-2.5671377,-2.5671377,17.888142,2.3268275,0.20863272,0.003169065,0.20865679,13760054.170097336,0.001453472650051117,540000,552960000,6,1476.3417670726776,1476.3417670726776,0.410094935297966,13760054.170097336,2041809120000.0,1739612160000.0,0.0,2090812538880000.0,1781362851840000.0,0.0,0.15875574946403503,0.0,1.0,0.0,60.4013671875,47.35027840803366,3.0755672454833984,3.302788257598877,1.0,0.9013671875,1.2259554970708928,0.947265625,0.052734375,0.0,0.2067660391330719,540000
antmaze-medium-stitch-v0,crl,GCDataset,68dffffa30b4399ba8e2743c4de83bc78aacabbe,/home/e/e1300530/Recurrent-Offline-RL/.ogbench_data,/home/e/e1300530/Recurrent-Offline-RL/.ogbench_data/antmaze-medium-stitch-v0.npz,/home/e/e1300530/Recurrent-Offline-RL/.ogbench_data/antmaze-medium-stitch-v0-val.npz,b3fa34eef8d24dc812d734abaf74db279a5f39cd63debf23961d62c314d71e99,3015f74bb9d0f0fef0037d310c2be157b78af2c613f8cb0579f1de018e7c0af0,xgpi23,Linux-6.8.0-100-generic-x86_64-with-glibc2.39,3.10.19,gpu,cuda:0,1,3781128,0,559624,3221504,0,0.07006836,1.8127036,0.81730545,0.9953981,-11.13268,0.4091797,0.0037408946,-2.5759673,-2.5759673,18.270542,1.3097647,0.18989472,0.003186782,0.18992147,13756097.261503926,0.0014538907408714295,560000,573440000,6,1505.4195818901062,1505.4195818901062,0.4181721060805851,13756097.261503926,2117431680000.0,1804042240000.0,0.0,2168250040320000.0,1847339253760000.0,0.0,0.1595982313156128,0.0,1.0,0.0,56.888671875,44.72231280131411,2.92582368850708,3.167513847351074,1.0,0.8544921875,1.1706532531033538,0.9580078125,0.0419921875,0.0,0.2053569108247757,560000
antmaze-medium-stitch-v0,crl,GCDataset,68dffffa30b4399ba8e2743c4de83bc78aacabbe,/home/e/e1300530/Recurrent-Offline-RL/.ogbench_data,/home/e/e1300530/Recurrent-Offline-RL/.ogbench_data/antmaze-medium-stitch-v0.npz,/home/e/e1300530/Recurrent-Offline-RL/.ogbench_data/antmaze-medium-stitch-v0-val.npz,b3fa34eef8d24dc812d734abaf74db279a5f39cd63debf23961d62c314d71e99,3015f74bb9d0f0fef0037d310c2be157b78af2c613f8cb0579f1de018e7c0af0,xgpi23,Linux-6.8.0-100-generic-x86_64-with-glibc2.39,3.10.19,gpu,cuda:0,1,3781128,0,559624,3221504,0,0.079833984,1.8159583,0.81946445,0.9964939,-11.0445595,0.44433594,0.0035190461,-2.3267276,-2.3267276,19.178318,1.8020372,0.18566221,0.003506006,0.1856953,13762883.911210414,0.0014531738042831421,580000,593920000,6,1534.483057975769,1534.483057975769,0.4262452938821581,13762883.911210414,2193054240000.0,1868472320000.0,0.0,2245687541760000.0,1913315655680000.0,0.0,0.16036181151866913,0.0,1.0,0.0,57.1416015625,46.26368534617619,2.7000794410705566,3.0121612548828125,1.0,0.7529296875,1.105071410896668,0.9697265625,0.0302734375,0.0,0.21032144129276276,580000
antmaze-medium-stitch-v0,crl,GCDataset,68dffffa30b4399ba8e2743c4de83bc78aacabbe,/home/e/e1300530/Recurrent-Offline-RL/.ogbench_data,/home/e/e1300530/Recurrent-Offline-RL/.ogbench_data/antmaze-medium-stitch-v0.npz,/home/e/e1300530/Recurrent-Offline-RL/.ogbench_data/antmaze-medium-stitch-v0-val.npz,b3fa34eef8d24dc812d734abaf74db279a5f39cd63debf23961d62c314d71e99,3015f74bb9d0f0fef0037d310c2be157b78af2c613f8cb0579f1de018e7c0af0,xgpi23,Linux-6.8.0-100-generic-x86_64-with-glibc2.39,3.10.19,gpu,cuda:0,1,3781128,0,559624,3221504,0,0.07519531,1.8105874,0.81422997,0.9963575,-10.766865,0.43554688,0.0035469295,-2.393752,-2.393752,18.782738,1.4908414,0.20497258,0.0031880941,0.20499738,13717973.157333838,0.0014579313278198242,600000,614400000,6,1563.6416845321655,1563.6416845321655,0.43434491237004597,13717973.157333838,2268676800000.0,1932902400000.0,0.0,2323125043200000.0,1979292057600000.0,0.0,0.16105860471725464,0.0,1.0,0.0,55.34765625,45.66197382814102,2.80778431892395,3.113314628601074,1.0,0.796875,1.1421223049109057,0.9658203125,0.0341796875,0.0,0.19740988314151764,600000
antmaze-medium-stitch-v0,crl,GCDataset,68dffffa30b4399ba8e2743c4de83bc78aacabbe,/home/e/e1300530/Recurrent-Offline-RL/.ogbench_data,/home/e/e1300530/Recurrent-Offline-RL/.ogbench_data/antmaze-medium-stitch-v0.npz,/home/e/e1300530/Recurrent-Offline-RL/.ogbench_data/antmaze-medium-stitch-v0-val.npz,b3fa34eef8d24dc812d734abaf74db279a5f39cd63debf23961d62c314d71e99,3015f74bb9d0f0fef0037d310c2be157b78af2c613f8cb0579f1de018e7c0af0,xgpi23,Linux-6.8.0-100-generic-x86_64-with-glibc2.39,3.10.19,gpu,cuda:0,1,3781128,0,559624,3221504,0,0.076660156,1.8113285,0.81505716,0.9962714,-11.070387,0.43554688,0.003561992,-2.3431754,-2.3431754,19.239176,1.7123802,0.21605608,0.0032773456,0.21608092,3127586.9448848576,0.006394696319103241,620000,634880000,7,1691.5356109142303,1691.5356109142303,0.4698710030317306,3127586.9448848576,2344299360000.0,1997332480000.0,0.0,2400562544640000.0,2045268459520000.0,0.0,0.1616951823234558,0.0,1.0,0.0,59.4296875,48.196648546889065,3.031369209289551,3.3050649166107178,1.0,0.8916015625,1.219538115947,0.9541015625,0.0458984375,0.0,0.19955113530158997,620000
antmaze-medium-stitch-v0,crl,GCDataset,68dffffa30b4399ba8e2743c4de83bc78aacabbe,/home/e/e1300530/Recurrent-Offline-RL/.ogbench_data,/home/e/e1300530/Recurrent-Offline-RL/.ogbench_data/antmaze-medium-stitch-v0.npz,/home/e/e1300530/Recurrent-Offline-RL/.ogbench_data/antmaze-medium-stitch-v0-val.npz,b3fa34eef8d24dc812d734abaf74db279a5f39cd63debf23961d62c314d71e99,3015f74bb9d0f0fef0037d310c2be157b78af2c613f8cb0579f1de018e7c0af0,xgpi23,Linux-6.8.0-100-generic-x86_64-with-glibc2.39,3.10.19,gpu,cuda:0,1,3781128,0,559624,3221504,0,0.08154297,1.8126583,0.8185836,0.9940747,-10.689503,0.45703125,0.0035369794,-2.3992677,-2.3992677,19.020649,1.3098392,0.22719789,0.0032852136,0.22722164,13758274.114473516,0.0014536607027053833,640000,655360000,7,1720.608824968338,1720.608824968338,0.4779468958245383,13758274.114473516,2419921920000.0,2061762560000.0,0.0,2478000046080000.0,2111244861440000.0,0.0,0.1622745543718338,0.0,1.0,0.0,55.7080078125,45.92006146827266,2.800802707672119,3.1139092445373535,1.0,0.8154296875,1.172652330080682,0.9599609375,0.0400390625,0.0,0.20844227075576782,640000
antmaze-medium-stitch-v0,crl,GCDataset,68dffffa30b4399ba8e2743c4de83bc78aacabbe,/home/e/e1300530/Recurrent-Offline-RL/.ogbench_data,/home/e/e1300530/Recurrent-Offline-RL/.ogbench_data/antmaze-medium-stitch-v0.npz,/home/e/e1300530/Recurrent-Offline-RL/.ogbench_data/antmaze-medium-stitch-v0-val.npz,b3fa34eef8d24dc812d734abaf74db279a5f39cd63debf23961d62c314d71e99,3015f74bb9d0f0fef0037d310c2be157b78af2c613f8cb0579f1de018e7c0af0,xgpi23,Linux-6.8.0-100-generic-x86_64-with-glibc2.39,3.10.19,gpu,cuda:0,1,3781128,0,559624,3221504,0,0.07763672,1.8113364,0.81744444,0.99389195,-10.775567,0.4267578,0.0035648686,-2.4124413,-2.4124413,19.253256,1.2464364,0.21968628,0.003373244,0.21971218,13744730.099465083,0.0014550931453704834,660000,675840000,7,1749.7106878757477,1749.7106878757477,0.4860307466321521,13744730.099465083,2495544480000.0,2126192640000.0,0.0,2555437547520000.0,2177221263360000.0,0.0,0.16279569268226624,0.0,1.0,0.0,55.8583984375,46.56313409565552,2.7995922565460205,3.0996034145355225,1.0,0.814453125,1.1679083256736098,0.9541015625,0.0458984375,0.0,0.20568636059761047,660000
antmaze-medium-stitch-v0,crl,GCDataset,68dffffa30b4399ba8e2743c4de83bc78aacabbe,/home/e/e1300530/Recurrent-Offline-RL/.ogbench_data,/home/e/e1300530/Recurrent-Offline-RL/.ogbench_data/antmaze-medium-stitch-v0.npz,/home/e/e1300530/Recurrent-Offline-RL/.ogbench_data/antmaze-medium-stitch-v0-val.npz,b3fa34eef8d24dc812d734abaf74db279a5f39cd63debf23961d62c314d71e99,3015f74bb9d0f0fef0037d310c2be157b78af2c613f8cb0579f1de018e7c0af0,xgpi23,Linux-6.8.0-100-generic-x86_64-with-glibc2.39,3.10.19,gpu,cuda:0,1,3781128,0,559624,3221504,0,0.08081055,1.8119766,0.8151792,0.9967973,-11.413154,0.43652344,0.003556083,-2.3861794,-2.3861794,19.337692,1.5509402,0.20902307,0.0033074762,0.20904924,13743109.811112624,0.001455264699459076,680000,696320000,7,1778.8159818649292,1778.8159818649292,0.4941155505180359,13743109.811112624,2571167040000.0,2190622720000.0,0.0,2632875048960000.0,2243197665280000.0,0.0,0.1632670909166336,0.0,1.0,0.0,56.8935546875,47.571978743614885,2.9420742988586426,3.252166748046875,1.0,0.8515625,1.1979138360473802,0.947265625,0.052734375,0.0,0.19977959990501404,680000
antmaze-medium-stitch-v0,crl,GCDataset,68dffffa30b4399ba8e2743c4de83bc78aacabbe,/home/e/e1300530/Recurrent-Offline-RL/.ogbench_data,/home/e/e1300530/Recurrent-Offline-RL/.ogbench_data/antmaze-medium-stitch-v0.npz,/home/e/e1300530/Recurrent-Offline-RL/.ogbench_data/antmaze-medium-stitch-v0-val.npz,b3fa34eef8d24dc812d734abaf74db279a5f39cd63debf23961d62c314d71e99,3015f74bb9d0f0fef0037d310c2be157b78af2c613f8cb0579f1de018e7c0af0,xgpi23,Linux-6.8.0-100-generic-x86_64-with-glibc2.39,3.10.19,gpu,cuda:0,1,3781128,0,559624,3221504,0,0.07373047,1.8084936,0.8112153,0.99727833,-10.394285,0.41992188,0.0035652777,-2.4411666,-2.4411666,19.298676,1.4941249,0.21007223,0.0031864857,0.2100964,13726400.965113962,0.0014570361733436585,700000,716800000,7,1807.9567053318024,1807.9567053318024,0.5022101959255006,13726400.965113962,2646789600000.0,2255052800000.0,0.0,2710312550400000.0,2309174067200000.0,0.0,0.16369207203388214,0.0,1.0,0.0,57.8740234375,46.37418661920876,2.9569244384765625,3.2253472805023193,1.0,0.853515625,1.197338904772103,0.9482421875,0.0517578125,0.0,0.19001242518424988,700000
antmaze-medium-stitch-v0,crl,GCDataset,68dffffa30b4399ba8e2743c4de83bc78aacabbe,/home/e/e1300530/Recurrent-Offline-RL/.ogbench_data,/home/e/e1300530/Recurrent-Offline-RL/.ogbench_data/antmaze-medium-stitch-v0.npz,/home/e/e1300530/Recurrent-Offline-RL/.ogbench_data/antmaze-medium-stitch-v0-val.npz,b3fa34eef8d24dc812d734abaf74db279a5f39cd63debf23961d62c314d71e99,3015f74bb9d0f0fef0037d310c2be157b78af2c613f8cb0579f1de018e7c0af0,xgpi23,Linux-6.8.0-100-generic-x86_64-with-glibc2.39,3.10.19,gpu,cuda:0,1,3781128,0,559624,3221504,0,0.08203125,1.8180251,0.8222731,0.995752,-11.839638,0.45507812,0.0034727033,-2.3198438,-2.3198438,20.041454,1.1865013,0.20119908,0.003443735,0.20122854,3425865.1269127843,0.005837931442260742,720000,737280000,8,1924.7153341770172,1924.7153341770172,0.5346431483825048,3425865.1269127843,2722412160000.0,2319482880000.0,0.0,2787750051840000.0,2375150469120000.0,0.0,0.1640740931034088,0.0,1.0,0.0,56.5810546875,46.66133880968949,2.8425474166870117,3.1214962005615234,1.0,0.8251953125,1.1649629323407793,0.958984375,0.041015625,0.0,0.21758288145065308,720000
antmaze-medium-stitch-v0,crl,GCDataset,68dffffa30b4399ba8e2743c4de83bc78aacabbe,/home/e/e1300530/Recurrent-Offline-RL/.ogbench_data,/home/e/e1300530/Recurrent-Offline-RL/.ogbench_data/antmaze-medium-stitch-v0.npz,/home/e/e1300530/Recurrent-Offline-RL/.ogbench_data/antmaze-medium-stitch-v0-val.npz,b3fa34eef8d24dc812d734abaf74db279a5f39cd63debf23961d62c314d71e99,3015f74bb9d0f0fef0037d310c2be157b78af2c613f8cb0579f1de018e7c0af0,xgpi23,Linux-6.8.0-100-generic-x86_64-with-glibc2.39,3.10.19,gpu,cuda:0,1,3781128,0,559624,3221504,0,0.075683594,1.8058887,0.81048816,0.99540055,-10.79211,0.4375,0.0034995999,-2.3548713,-2.3548713,20.067207,2.6611662,0.22402933,0.0035167437,0.22405694,13725446.002208594,0.0014571375489234924,740000,757760000,8,1953.858085155487,1953.858085155487,0.5427383569876353,13725446.002208594,2798034720000.0,2383912960000.0,0.0,2865187553280000.0,2441126871040000.0,0.0,0.1644139289855957,0.0,1.0,0.0,56.29296875,46.94076750210336,2.888275384902954,3.237121820449829,1.0,0.8447265625,1.2047722179345495,0.9462890625,0.0537109375,0.0,0.18815115094184875,740000
antmaze-medium-stitch-v0,crl,GCDataset,68dffffa30b4399ba8e2743c4de83bc78aacabbe,/home/e/e1300530/Recurrent-Offline-RL/.ogbench_data,/home/e/e1300530/Recurrent-Offline-RL/.ogbench_data/antmaze-medium-stitch-v0.npz,/home/e/e1300530/Recurrent-Offline-RL/.ogbench_data/antmaze-medium-stitch-v0-val.npz,b3fa34eef8d24dc812d734abaf74db279a5f39cd63debf23961d62c314d71e99,3015f74bb9d0f0fef0037d310c2be157b78af2c613f8cb0579f1de018e7c0af0,xgpi23,Linux-6.8.0-100-generic-x86_64-with-glibc2.39,3.10.19,gpu,cuda:0,1,3781128,0,559624,3221504,0,0.07556152,1.8161988,0.82087535,0.9953234,-11.466923,0.44726562,0.0034899903,-2.3230433,-2.3230433,20.338505,4.7132454,0.20892256,0.0035300308,0.2089524,13729567.869450275,0.001456700086593628,760000,778240000,8,1982.9920868873596,1982.9920868873596,0.5508311352464887,13729567.869450275,2873657280000.0,2448343040000.0,0.0,2942625054720000.0,2507103272960000.0,0.0,0.1647140085697174,0.0,1.0,0.0,56.7216796875,45.94721069462378,2.930802822113037,3.162712812423706,1.0,0.8486328125,1.171578331588776,0.958984375,0.041015625,0.0,0.21414126455783844,760000
antmaze-medium-stitch-v0,crl,GCDataset,68dffffa30b4399ba8e2743c4de83bc78aacabbe,/home/e/e1300530/Recurrent-Offline-RL/.ogbench_data,/home/e/e1300530/Recurrent-Offline-RL/.ogbench_data/antmaze-medium-stitch-v0.npz,/home/e/e1300530/Recurrent-Offline-RL/.ogbench_data/antmaze-medium-stitch-v0-val.npz,b3fa34eef8d24dc812d734abaf74db279a5f39cd63debf23961d62c314d71e99,3015f74bb9d0f0fef0037d310c2be157b78af2c613f8cb0579f1de018e7c0af0,xgpi23,Linux-6.8.0-100-generic-x86_64-with-glibc2.39,3.10.19,gpu,cuda:0,1,3781128,0,559624,3221504,0,0.080200195,1.810584,0.8149069,0.99567705,-11.309319,0.4326172,0.003545078,-2.350172,-2.350172,20.421827,3.3290818,0.22160386,0.0038408476,0.22163714,13737814.873240454,0.0014558256030082703,780000,798720000,8,2012.108598947525,2012.108598947525,0.5589190552632014,13737814.873240454,2949279840000.0,2512773120000.0,0.0,3020062556160000.0,2573079674880000.0,0.0,0.1649804264307022,0.0,1.0,0.0,57.310546875,46.960580690228134,2.834512233734131,3.1307132244110107,1.0,0.7998046875,1.1541196425644211,0.9619140625,0.0380859375,0.0,0.19945254921913147,780000
antmaze-medium-stitch-v0,crl,GCDataset,68dffffa30b4399ba8e2743c4de83bc78aacabbe,/home/e/e1300530/Recurrent-Offline-RL/.ogbench_data,/home/e/e1300530/Recurrent-Offline-RL/.ogbench_data/antmaze-medium-stitch-v0.npz,/home/e/e1300530/Recurrent-Offline-RL/.ogbench_data/antmaze-medium-stitch-v0-val.npz,b3fa34eef8d24dc812d734abaf74db279a5f39cd63debf23961d62c314d71e99,3015f74bb9d0f0fef0037d310c2be157b78af2c613f8cb0579f1de018e7c0af0,xgpi23,Linux-6.8.0-100-generic-x86_64-with-glibc2.39,3.10.19,gpu,cuda:0,1,3781128,0,559624,3221504,0,0.07873535,1.819281,0.8236233,0.9956577,-11.582619,0.44921875,0.0035285498,-2.3453445,-2.3453445,20.63817,1.1835169,0.19526082,0.004054378,0.19530287,13701399.974046607,0.0014596948504447937,800000,819200000,8,2041.302495956421,2041.302495956421,0.5670284710990058,13701399.974046607,3024902400000.0,2577203200000.0,0.0,3097500057600000.0,2639056076800000.0,0.0,0.16521483659744263,0.0,1.0,0.0,59.3369140625,47.41014079131162,2.9519736766815186,3.262587070465088,1.0,0.8466796875,1.196890792543289,0.955078125,0.044921875,0.0,0.22114117443561554,800000
antmaze-medium-stitch-v0,crl,GCDataset,68dffffa30b4399ba8e2743c4de83bc78aacabbe,/home/e/e1300530/Recurrent-Offline-RL/.ogbench_data,/home/e/e1300530/Recurrent-Offline-RL/.ogbench_data/antmaze-medium-stitch-v0.npz,/home/e/e1300530/Recurrent-Offline-RL/.ogbench_data/antmaze-medium-stitch-v0-val.npz,b3fa34eef8d24dc812d734abaf74db279a5f39cd63debf23961d62c314d71e99,3015f74bb9d0f0fef0037d310c2be157b78af2c613f8cb0579f1de018e7c0af0,xgpi23,Linux-6.8.0-100-generic-x86_64-with-glibc2.39,3.10.19,gpu,cuda:0,1,3781128,0,559624,3221504,0,0.08239746,1.8105912,0.8162421,0.99434906,-11.21084,0.4326172,0.0035530026,-2.3613195,-2.3613195,20.703941,1.2822357,0.21037133,0.003303669,0.21039724,3470367.624531459,0.005763068199157715,820000,839680000,9,2156.563859939575,2156.563859939575,0.599045516649882,3470367.624531459,3100524960000.0,2641633280000.0,0.0,3174937559040000.0,2705032478720000.0,0.0,0.165418341755867,0.0,1.0,0.0,56.0283203125,46.97196407323628,2.9097888469696045,3.2511017322540283,1.0,0.841796875,1.2184980083037618,0.9453125,0.0546875,0.0,0.20265373587608337,820000
antmaze-medium-stitch-v0,crl,GCDataset,68dffffa30b4399ba8e2743c4de83bc78aacabbe,/home/e/e1300530/Recurrent-Offline-RL/.ogbench_data,/home/e/e1300530/Recurrent-Offline-RL/.ogbench_data/antmaze-medium-stitch-v0.npz,/home/e/e1300530/Recurrent-Offline-RL/.ogbench_data/antmaze-medium-stitch-v0-val.npz,b3fa34eef8d24dc812d734abaf74db279a5f39cd63debf23961d62c314d71e99,3015f74bb9d0f0fef0037d310c2be157b78af2c613f8cb0579f1de018e7c0af0,xgpi23,Linux-6.8.0-100-generic-x86_64-with-glibc2.39,3.10.19,gpu,cuda:0,1,3781128,0,559624,3221504,0,0.08312988,1.8131729,0.81864554,0.9945274,-11.474053,0.4609375,0.003410602,-2.2468376,-2.2468376,21.285791,1.4696665,0.21468832,0.0038105245,0.21472214,13751643.49912378,0.001454361617565155,840000,860160000,9,2185.6510922908783,2185.6510922908783,0.6071253034141328,13751643.49912378,3176147520000.0,2706063360000.0,0.0,3252375060480000.0,2771008880640000.0,0.0,0.1655934900045395,0.0,1.0,0.0,56.9814453125,46.3210249350775,2.797560930252075,3.1164562702178955,1.0,0.80078125,1.169000380516806,0.955078125,0.044921875,0.0,0.20859915018081665,840000
antmaze-medium-stitch-v0,crl,GCDataset,68dffffa30b4399ba8e2743c4de83bc78aacabbe,/home/e/e1300530/Recurrent-Offline-RL/.ogbench_data,/home/e/e1300530/Recurrent-Offline-RL/.ogbench_data/antmaze-medium-stitch-v0.npz,/home/e/e1300530/Recurrent-Offline-RL/.ogbench_data/antmaze-medium-stitch-v0-val.npz,b3fa34eef8d24dc812d734abaf74db279a5f39cd63debf23961d62c314d71e99,3015f74bb9d0f0fef0037d310c2be157b78af2c613f8cb0579f1de018e7c0af0,xgpi23,Linux-6.8.0-100-generic-x86_64-with-glibc2.39,3.10.19,gpu,cuda:0,1,3781128,0,559624,3221504,0,0.076171875,1.8086948,0.81483734,0.99385756,-11.331747,0.4326172,0.0035081196,-2.3397412,-2.3397412,21.046257,1.8212123,0.22704718,0.003471682,0.22707371,13768390.278233042,0.0014525926351547241,860000,880640000,9,2214.702944993973,2214.702944993973,0.6151952624983258,13768390.278233042,3251770080000.0,2770493440000.0,0.0,3329812561920000.0,2836985282560000.0,0.0,0.16574376821517944,0.0,1.0,0.0,59.2705078125,47.81854607744653,3.0907769203186035,3.3720364570617676,1.0,0.8916015625,1.232283740153849,0.9453125,0.0546875,0.0,0.19906966388225555,860000
antmaze-medium-stitch-v0,crl,GCDataset,68dffffa30b4399ba8e2743c4de83bc78aacabbe,/home/e/e1300530/Recurrent-Offline-RL/.ogbench_data,/home/e/e1300530/Recurrent-Offline-RL/.ogbench_data/antmaze-medium-stitch-v0.npz,/home/e/e1300530/Recurrent-Offline-RL/.ogbench_data/antmaze-medium-stitch-v0-val.npz,b3fa34eef8d24dc812d734abaf74db279a5f39cd63debf23961d62c314d71e99,3015f74bb9d0f0fef0037d310c2be157b78af2c613f8cb0579f1de018e7c0af0,xgpi23,Linux-6.8.0-100-generic-x86_64-with-glibc2.39,3.10.19,gpu,cuda:0,1,3781128,0,559624,3221504,0,0.0769043,1.8093567,0.8145674,0.9947893,-11.079018,0.47265625,0.0033575038,-2.1736407,-2.1736407,21.592281,1.7393212,0.23618223,0.0036314887,0.23621015,13752892.178397223,0.0014542295694351195,880000,901120000,9,2243.787536382675,2243.787536382675,0.6232743156618542,13752892.178397223,3327392640000.0,2834923520000.0,0.0,3407250063360000.0,2902961684480000.0,0.0,0.1658725142478943,0.0,1.0,0.0,56.595703125,45.688404371753506,2.8213205337524414,3.213793992996216,1.0,0.7958984375,1.1876409346620966,0.9501953125,0.0498046875,0.0,0.1984921097755432,880000
antmaze-medium-stitch-v0,crl,GCDataset,68dffffa30b4399ba8e2743c4de83bc78aacabbe,/home/e/e1300530/Recurrent-Offline-RL/.ogbench_data,/home/e/e1300530/Recurrent-Offline-RL/.ogbench_data/antmaze-medium-stitch-v0.npz,/home/e/e1300530/Recurrent-Offline-RL/.ogbench_data/antmaze-medium-stitch-v0-val.npz,b3fa34eef8d24dc812d734abaf74db279a5f39cd63debf23961d62c314d71e99,3015f74bb9d0f0fef0037d310c2be157b78af2c613f8cb0579f1de018e7c0af0,xgpi23,Linux-6.8.0-100-generic-x86_64-with-glibc2.39,3.10.19,gpu,cuda:0,1,3781128,0,559624,3221504,0,0.080444336,1.8122916,0.815864,0.99642766,-11.103754,0.453125,0.0034079615,-2.1790805,-2.1790805,21.437128,1.2745316,0.21632095,0.0037419552,0.21635331,13764537.323764574,0.001452999246120453,900000,921600000,9,2272.8475213050842,2272.8475213050842,0.6313465336958567,13764537.323764574,3403015200000.0,2899353600000.0,0.0,3484687564800000.0,2968938086400000.0,0.0,0.1659812480211258,0.0,1.0,0.0,55.6337890625,47.25334469497112,2.714003801345825,3.1497936248779297,1.0,0.771484375,1.1653054788899173,0.951171875,0.048828125,0.0,0.20174290239810944,900000
antmaze-medium-stitch-v0,crl,GCDataset,68dffffa30b4399ba8e2743c4de83bc78aacabbe,/home/e/e1300530/Recurrent-Offline-RL/.ogbench_data,/home/e/e1300530/Recurrent-Offline-RL/.ogbench_data/antmaze-medium-stitch-v0.npz,/home/e/e1300530/Recurrent-Offline-RL/.ogbench_data/antmaze-medium-stitch-v0-val.npz,b3fa34eef8d24dc812d734abaf74db279a5f39cd63debf23961d62c314d71e99,3015f74bb9d0f0fef0037d310c2be157b78af2c613f8cb0579f1de018e7c0af0,xgpi23,Linux-6.8.0-100-generic-x86_64-with-glibc2.39,3.10.19,gpu,cuda:0,1,3781128,0,559624,3221504,0,0.08630371,1.8183115,0.8227001,0.9956113,-11.82299,0.4482422,0.0035474943,-2.370226,-2.370226,20.958904,1.5459888,0.22126344,0.0037532682,0.22129527,3400544.0108659933,0.005881401896476746,920000,942080000,10,2390.475559234619,2390.475559234619,0.6640209886762831,3400544.0108659933,3478637760000.0,2963783680000.0,0.0,3562125066240000.0,3034914488320000.0,0.0,0.1660735309123993,0.0,1.0,0.0,55.572265625,46.582448037640134,2.857259750366211,3.1715574264526367,1.0,0.830078125,1.161909121401706,0.953125,0.046875,0.0,0.2188497930765152,920000
antmaze-medium-stitch-v0,crl,GCDataset,68dffffa30b4399ba8e2743c4de83bc78aacabbe,/home/e/e1300530/Recurrent-Offline-RL/.ogbench_data,/home/e/e1300530/Recurrent-Offline-RL/.ogbench_data/antmaze-medium-stitch-v0.npz,/home/e/e1300530/Recurrent-Offline-RL/.ogbench_data/antmaze-medium-stitch-v0-val.npz,b3fa34eef8d24dc812d734abaf74db279a5f39cd63debf23961d62c314d71e99,3015f74bb9d0f0fef0037d310c2be157b78af2c613f8cb0579f1de018e7c0af0,xgpi23,Linux-6.8.0-100-generic-x86_64-with-glibc2.39,3.10.19,gpu,cuda:0,1,3781128,0,559624,3221504,0,0.07141113,1.8100848,0.8173256,0.9927593,-10.977489,0.43847656,0.0035309312,-2.3542747,-2.3542747,21.050512,1.4845276,0.20932603,0.0036607492,0.20935804,13758826.079919886,0.001453602385520935,940000,962560000,10,2419.547606945038,2419.547606945038,0.6720965574847327,13758826.079919886,3554260320000.0,3028213760000.0,0.0,3639562567680000.0,3100890890240000.0,0.0,0.16615328192710876,0.0,1.0,0.0,57.0205078125,46.45605039703791,2.809454917907715,3.080422878265381,1.0,0.81640625,1.163190476646425,0.951171875,0.048828125,0.0,0.2054075002670288,940000
antmaze-medium-stitch-v0,crl,GCDataset,68dffffa30b4399ba8e2743c4de83bc78aacabbe,/home/e/e1300530/Recurrent-Offline-RL/.ogbench_data,/home/e/e1300530/Recurrent-Offline-RL/.ogbench_data/antmaze-medium-stitch-v0.npz,/home/e/e1300530/Recurrent-Offline-RL/.ogbench_data/antmaze-medium-stitch-v0-val.npz,b3fa34eef8d24dc812d734abaf74db279a5f39cd63debf23961d62c314d71e99,3015f74bb9d0f0fef0037d310c2be157b78af2c613f8cb0579f1de018e7c0af0,xgpi23,Linux-6.8.0-100-generic-x86_64-with-glibc2.39,3.10.19,gpu,cuda:0,1,3781128,0,559624,3221504,0,0.087646484,1.8157398,0.82073057,0.9950092,-12.05644,0.46972656,0.0033588859,-2.1749926,-2.1749926,21.788086,1.4643514,0.22276008,0.0034779138,0.2227872,13771437.660043985,0.0014522711992263793,960000,983040000,10,2448.5930309295654,2448.5930309295654,0.6801647308137682,13771437.660043985,3629882880000.0,3092643840000.0,0.0,3717000069120000.0,3166867292160000.0,0.0,0.16622278094291687,0.0,1.0,0.0,56.78515625,46.72334565999192,2.8556063175201416,3.2641613483428955,1.0,0.8203125,1.202592211576206,0.9423828125,0.0576171875,0.0,0.21388225257396698,960000
antmaze-medium-stitch-v0,crl,GCDataset,68dffffa30b4399ba8e2743c4de83bc78aacabbe,/home/e/e1300530/Recurrent-Offline-RL/.ogbench_data,/home/e/e1300530/Recurrent-Offline-RL/.ogbench_data/antmaze-medium-stitch-v0.npz,/home/e/e1300530/Recurrent-Offline-RL/.ogbench_data/antmaze-medium-stitch-v0-val.npz,b3fa34eef8d24dc812d734abaf74db279a5f39cd63debf23961d62c314d71e99,3015f74bb9d0f0fef0037d310c2be157b78af2c613f8cb0579f1de018e7c0af0,xgpi23,Linux-6.8.0-100-generic-x86_64-with-glibc2.39,3.10.19,gpu,cuda:0,1,3781128,0,559624,3221504,0,0.07678223,1.8181006,0.82377785,0.9943227,-11.991419,0.45703125,0.003431628,-2.2234876,-2.2234876,22.061417,1.9408796,0.21235214,0.0036228292,0.21238303,13756801.44549222,0.0014538163185119628,980000,1003520000,10,2477.6693572998047,2477.6693572998047,0.6882414881388347,13756801.44549222,3705505440000.0,3157073920000.0,0.0,3794437570560000.0,3232843694080000.0,0.0,0.16628484427928925,0.0,1.0,0.0,57.83203125,46.183896059655076,2.8829421997070312,3.2321972846984863,1.0,0.8115234375,1.1645076847699132,0.9541015625,0.0458984375,0.0,0.2215586155653,980000
antmaze-medium-stitch-v0,crl,GCDataset,68dffffa30b4399ba8e2743c4de83bc78aacabbe,/home/e/e1300530/Recurrent-Offline-RL/.ogbench_data,/home/e/e1300530/Recurrent-Offline-RL/.ogbench_data/antmaze-medium-stitch-v0.npz,/home/e/e1300530/Recurrent-Offline-RL/.ogbench_data/antmaze-medium-stitch-v0-val.npz,b3fa34eef8d24dc812d734abaf74db279a5f39cd63debf23961d62c314d71e99,3015f74bb9d0f0fef0037d310c2be157b78af2c613f8cb0579f1de018e7c0af0,xgpi23,Linux-6.8.0-100-generic-x86_64-with-glibc2.39,3.10.19,gpu,cuda:0,1,3781128,0,559624,3221504,0,0.0847168,1.8217565,0.82476103,0.99699545,-11.751536,0.45898438,0.0034909449,-2.32236,-2.32236,21.397194,3.000116,0.19709614,0.003597781,0.19712898,13725888.992348101,0.0014570905208587646,1000000,1024000000,10,2506.81116771698,2506.81116771698,0.6963364354769389,13725888.992348101,3781128000000.0,3221504000000.0,0.0,3871875072000000.0,3298820096000000.0,0.0,0.1663433164358139,0.0,1.0,0.0,57.8759765625,48.42499081439718,2.9537158012390137,3.3252968788146973,1.0,0.8486328125,1.22933626890625,0.94921875,0.05078125,0.0,0.223995178937912,1000000
